{
  "_schemaVersion": 6,
  "_lastMCVersionId": 340,
  "generalSettings": {
    "detectATLauncherInstance": true,
    "detectCurseManifest": true,
    "detectMultiMCManifest": true,
    "detectMCUpdaterInstance": true,
    "detectTechnicPack": true,
    "detectModrinthPack": true,
    "detectBiomeData": true,
    "detectDimensionData": true,
    "detectWorldData": true,
    "clientId": "450485984333660181",
    "defaultIcon": "grass",
    "enableJoinRequests": false,
    "preferredClientLevel": 3,
    "resetTimeOnInit": false,
    "autoRegister": false
  },
  "biomeSettings": {
    "fallbackBiomeIcon": "unknown",
    "biomeData": {
      "default": {
        "textOverride": "Polluting {biome.name}"
      }
    }
  },
  "dimensionSettings": {
    "fallbackDimensionIcon": "unknown",
    "dimensionData": {
      "default": {
        "textOverride": "In the {dimension.name}"
      }
    }
  },
  "serverSettings": {
    "fallbackServerIcon": "default",
    "fallbackServerName": "Minecraft Server",
    "fallbackServerMotd": "A Minecraft Server",
    "serverData": {
      "default": {
        "textOverride": "Playing on {server.motd.raw}"
      }
    },
    "pingRateInterval": 5,
    "pingRateUnit": "minutes"
  },
  "statusMessages": {
    "mainMenuData": {
      "textOverride": "In the Main Menu",
      "data": {
        "enabled": true,
        "useAsMain": true,
        "isInstance": false,
        "activityType": 0,
        "partyPrivacy": 1,
        "details": "{menu.message}",
        "gameState": "",
        "largeImageKey": "grass",
        "largeImageText": "",
        "smallImageKey": "curse",
        "smallImageText": "{pack.name} for {general.version} with {general.mods} mods",
        "startTimestamp": "",
        "endTimestamp": "",
        "buttons": {
          "default": {
            "label": "Example Text",
            "url": "https://google.com"
          }
        }
      }
    },
    "loadingData": {
      "textOverride": "Loading...",
      "data": {
        "enabled": true,
        "useAsMain": true,
        "isInstance": false,
        "activityType": 0,
        "partyPrivacy": 1,
        "details": "Loading...",
        "gameState": "",
        "largeImageKey": "grass",
        "largeImageText": "",
        "smallImageKey": "curse",
        "smallImageText": "{pack.name} for {general.version} with {general.mods} mods",
        "startTimestamp": "",
        "endTimestamp": "",
        "buttons": {
          "default": {
            "label": "Example Text",
            "url": "https://google.com"
          }
        }
      }
    },
    "lanData": {
      "textOverride": "with others"
    },
    "singleplayerData": {
      "textOverride": "alone"
    },
    "realmData": {
      "textOverride": "Playing on {server.motd.raw}"
    }
  },
  "advancedSettings": {
    "enablePerGui": false,
    "enablePerItem": false,
    "enablePerEntity": false,
    "formatWords": true,
    "debugMode": false,
    "verboseMode": false,
    "refreshRate": 2,
    "allowPlaceholderPreviews": false,
    "guiSettings": {
      "fallbackGuiIcon": "unknown",
      "guiData": {
        "default": {
          "textOverride": "In {screen.name}"
        }
      }
    },
    "itemMessages": {
      "default": "Holding {item.message.holding}"
    },
    "entitySettings": {
      "fallbackEntityIcon": "unknown",
      "targetData": {
        "default": {
          "textOverride": "Targeting {entity.target.name}"
        }
      },
      "ridingData": {
        "default": {
          "textOverride": "Riding {entity.riding.name}"
        }
      }
    },
    "allowEndpointIcons": false,
    "serverIconEndpoint": "https://api.mcsrvstat.us/icon/{server.address.short}",
    "playerSkinEndpoint": "https://mc-heads.net/avatar/{getOrDefault(player.uuid.short, player.name)}",
    "allowDuplicatePackets": false,
    "maxConnectionAttempts": 10,
    "enableClassGraph": false,
    "useClassLoader": true
  },
  "accessibilitySettings": {
    "languageId": "en_us",
    "stripTranslationColors": false,
    "stripTranslationFormatting": false,
    "stripExtraGuiElements": false,
    "configKeyCode": 0
  },
  "displaySettings": {
    "presenceData": {
      "enabled": true,
      "useAsMain": false,
      "isInstance": false,
      "activityType": 0,
      "partyPrivacy": 1,
      "details": "{getFirst(menu.message, biome.message)} {getOrDefault(server.message)}",
      "gameState": "Day {world.time.day} on {world.difficulty} difficulty",
      "largeImageKey": "grass",
      "largeImageText": "{getFirst(menu.message, dimension.message)}",
      "smallImageKey": "{getFirst(server.icon, pack.icon)}",
      "smallImageText": "{pack.name} for {general.version} with {general.mods} mods",
      "startTimestamp": "{data.general.time}",
      "endTimestamp": "",
      "buttons": {
        "default": {
          "label": "Example Text",
          "url": "https://google.com"
        }
      }
    },
    "dynamicIcons": {
      "WhyYouAsk": "https://mc-heads.net/avatar/98f78259f808496a8839271dd13153b9",
      "default": "https://via.placeholder.com/256.png"
    },
    "dynamicVariables": {
      "default": "Example Text",
      "mods": "{general.mods} Mod(s)",
      "player_info_coordinate": "At {player.position.x}, {player.position.z}",
      "players": "{server.players.current} / {server.players.max} Players",
      "player_info_in": "({custom.player_info.health})",
      "player_info_items": "Items: {item.main_hand.message}",
      "player_info_out": "As {player.name}",
      "player_info_health": "Health: {player.health.current}/{player.health.max}",
      "world_info": "On {world.name}",
      "pack": "{pack.name}",
      "status": "Day {world.time.day} on the {world.difficulty} difficulty"
    }
  }
}