{
  "tools": {
    "axe": {
      "name": "Axe",
      "icon": "minecraft:diamond_axe",
      "toollist": [
        "BiomesOPlenty:axeAmethyst",
        "BiomesOPlenty:axeMud",
        "IC2:itemToolBronzeAxe",
        "IC2:itemToolChainsaw",
        "actuallyadditions:diamond_paxel",
        "actuallyadditions:emerald_paxel",
        "actuallyadditions:gold_paxel",
        "actuallyadditions:iron_paxel",
        "actuallyadditions:item_axe_crystal_black",
        "actuallyadditions:item_axe_crystal_blue",
        "actuallyadditions:item_axe_crystal_green",
        "actuallyadditions:item_axe_crystal_light_blue",
        "actuallyadditions:item_axe_crystal_red",
        "actuallyadditions:item_axe_crystal_white",
        "actuallyadditions:item_axe_emerald",
        "actuallyadditions:item_axe_obsidian",
        "actuallyadditions:item_axe_quartz",
        "actuallyadditions:item_paxel_crystal_black",
        "actuallyadditions:item_paxel_crystal_blue",
        "actuallyadditions:item_paxel_crystal_green",
        "actuallyadditions:item_paxel_crystal_light_blue",
        "actuallyadditions:item_paxel_crystal_red",
        "actuallyadditions:item_paxel_crystal_white",
        "actuallyadditions:obsidian_paxel",
        "actuallyadditions:quartz_paxel",
        "actuallyadditions:stone_paxel",
        "actuallyadditions:wooden_paxel",
        "appliedenergistics2:certus_quartz_axe",
        "appliedenergistics2:item.ToolCertusQuartzAxe",
        "appliedenergistics2:item.ToolNetherQuartzAxe",
        "appliedenergistics2:nether_quartz_axe",
        "astralsorcery:itemchargedcrystalaxe",
        "astralsorcery:itemcrystalaxe",
        "cyclicmagic:emerald_axe",
        "cyclicmagic:sandstone_axe",
        "draconicevolution:draconic_axe",
        "draconicevolution:wyvern_axe",
        "minecraft:diamond_axe",
        "minecraft:golden_axe",
        "minecraft:iron_axe",
        "minecraft:stone_axe",
        "minecraft:wooden_axe",
        "mysticalagriculture:inferium_axe",
        "mysticalagriculture:intermedium_axe",
        "mysticalagriculture:prudentium_axe",
        "mysticalagriculture:superium_axe",
        "mysticalagriculture:supremium_axe",
        "tconstruct:hatchet",
        "thermalfoundation:tool.axe_aluminum",
        "thermalfoundation:tool.axe_bronze",
        "thermalfoundation:tool.axe_constantan",
        "thermalfoundation:tool.axe_copper",
        "thermalfoundation:tool.axe_electrum",
        "thermalfoundation:tool.axe_invar",
        "thermalfoundation:tool.axe_lead",
        "thermalfoundation:tool.axe_nickel",
        "thermalfoundation:tool.axe_platinum",
        "thermalfoundation:tool.axe_silver",
        "thermalfoundation:tool.axe_steel",
        "thermalfoundation:tool.axe_tin"
      ],
      "blocklist": [
        "advancedrocketry:alienleaves/0",
        "advancedrocketry:alienwood/0",
        "betternether:stalagnate_stem/0",
        "biomesoplenty:leaves_0/8",
        "biomesoplenty:leaves_0/9",
        "biomesoplenty:leaves_0/10",
        "biomesoplenty:leaves_0/11",
        "biomesoplenty:leaves_1/8",
        "biomesoplenty:leaves_1/9",
        "biomesoplenty:leaves_1/10",
        "biomesoplenty:leaves_1/11",
        "biomesoplenty:leaves_2/8",
        "biomesoplenty:leaves_2/9",
        "biomesoplenty:leaves_2/10",
        "biomesoplenty:leaves_2/11",
        "biomesoplenty:leaves_3/8",
        "biomesoplenty:leaves_3/9",
        "biomesoplenty:leaves_3/10",
        "biomesoplenty:leaves_3/11",
        "biomesoplenty:leaves_4/8",
        "biomesoplenty:leaves_4/9",
        "biomesoplenty:leaves_4/10",
        "biomesoplenty:leaves_4/11",
        "biomesoplenty:leaves_5/8",
        "biomesoplenty:leaves_5/9",
        "biomesoplenty:leaves_5/10",
        "biomesoplenty:leaves_5/11",
        "biomesoplenty:leaves_6/8",
        "biomesoplenty:leaves_6/9",
        "biomesoplenty:log_0/4",
        "biomesoplenty:log_0/5",
        "biomesoplenty:log_0/6",
        "biomesoplenty:log_0/7",
        "biomesoplenty:log_1/4",
        "biomesoplenty:log_1/5",
        "biomesoplenty:log_1/6",
        "biomesoplenty:log_1/7",
        "biomesoplenty:log_2/4",
        "biomesoplenty:log_2/5",
        "biomesoplenty:log_2/6",
        "biomesoplenty:log_2/7",
        "biomesoplenty:log_3/4",
        "biomesoplenty:log_3/5",
        "biomesoplenty:log_3/6",
        "biomesoplenty:log_3/7",
        "biomesoplenty:log_4/4",
        "biomesoplenty:log_4/5",
        "ic2:leaves",
        "minecraft:fence",
        "minecraft:leaves",
        "minecraft:leaves2",
        "minecraft:log",
        "minecraft:log2",
        "quark:variant_leaves",
        "tconstruct:slime_leaves",
        "twilightforest:dark_leaves",
        "twilightforest:magic_leaves",
        "twilightforest:magic_log",
        "twilightforest:twilight_leaves",
        "twilightforest:twilight_leaves_3",
        "twilightforest:twilight_log"
      ]
    },
    "hoe": {
      "name": "Hoe",
      "icon": "minecraft:diamond_hoe",
      "toollist": [
        "BiomesOPlenty:hoeAmethyst",
        "BiomesOPlenty:hoeMud",
        "IC2:itemToolBronzeHoe",
        "actuallyadditions:item_hoe_crystal_black",
        "actuallyadditions:item_hoe_crystal_blue",
        "actuallyadditions:item_hoe_crystal_green",
        "actuallyadditions:item_hoe_crystal_light_blue",
        "actuallyadditions:item_hoe_crystal_red",
        "actuallyadditions:item_hoe_crystal_white",
        "actuallyadditions:item_hoe_emerald",
        "actuallyadditions:item_hoe_obsidian",
        "actuallyadditions:item_hoe_quartz",
        "appliedenergistics2:certus_quartz_hoe",
        "appliedenergistics2:item.ToolCertusQuartzHoe",
        "appliedenergistics2:item.ToolNetherQuartzHoe",
        "appliedenergistics2:nether_quartz_hoe",
        "cyclicmagic:emerald_hoe",
        "cyclicmagic:sandstone_hoe",
        "cyclicmagic:tool_harvest_crops",
        "cyclicmagic:tool_harvest_leaves",
        "cyclicmagic:tool_harvest_weeds",
        "draconicevolution:draconic_hoe",
        "minecraft:diamond_hoe",
        "minecraft:golden_hoe",
        "minecraft:iron_hoe",
        "minecraft:stone_hoe",
        "minecraft:wooden_hoe",
        "mysticalagriculture:inferium_hoe",
        "mysticalagriculture:inferium_scythe",
        "mysticalagriculture:inferium_sickle",
        "mysticalagriculture:intermedium_hoe",
        "mysticalagriculture:intermedium_scythe",
        "mysticalagriculture:intermedium_sickle",
        "mysticalagriculture:prudentium_hoe",
        "mysticalagriculture:prudentium_scythe",
        "mysticalagriculture:prudentium_sickle",
        "mysticalagriculture:superium_hoe",
        "mysticalagriculture:superium_scythe",
        "mysticalagriculture:superium_sickle",
        "mysticalagriculture:supremium_hoe",
        "mysticalagriculture:supremium_scythe",
        "mysticalagriculture:supremium_sickle",
        "tconstruct:mattock",
        "thermalfoundation:tool.hoe_aluminum",
        "thermalfoundation:tool.hoe_bronze",
        "thermalfoundation:tool.hoe_constantan",
        "thermalfoundation:tool.hoe_copper",
        "thermalfoundation:tool.hoe_electrum",
        "thermalfoundation:tool.hoe_invar",
        "thermalfoundation:tool.hoe_lead",
        "thermalfoundation:tool.hoe_nickel",
        "thermalfoundation:tool.hoe_platinum",
        "thermalfoundation:tool.hoe_silver",
        "thermalfoundation:tool.hoe_steel",
        "thermalfoundation:tool.hoe_tin",
        "thermalfoundation:tool.sickle_aluminum",
        "thermalfoundation:tool.sickle_bronze",
        "thermalfoundation:tool.sickle_constantan",
        "thermalfoundation:tool.sickle_copper",
        "thermalfoundation:tool.sickle_diamond",
        "thermalfoundation:tool.sickle_electrum",
        "thermalfoundation:tool.sickle_gold",
        "thermalfoundation:tool.sickle_invar",
        "thermalfoundation:tool.sickle_iron",
        "thermalfoundation:tool.sickle_lead",
        "thermalfoundation:tool.sickle_nickel",
        "thermalfoundation:tool.sickle_platinum",
        "thermalfoundation:tool.sickle_silver",
        "thermalfoundation:tool.sickle_steel",
        "thermalfoundation:tool.sickle_stone",
        "thermalfoundation:tool.sickle_tin",
        "thermalfoundation:tool.sickle_wood"
      ],
      "blocklist": [
        "minecraft:carrots",
        "minecraft:melon_block",
        "minecraft:potatoes",
        "minecraft:pumpkin",
        "minecraft:wheat"
      ]
    },
    "pickaxe": {
      "name": "Pickaxe",
      "icon": "minecraft:diamond_pickaxe",
      "toollist": [
        "BiomesOPlenty:pickaxeAmethyst",
        "BiomesOPlenty:pickaxeMud",
        "IC2:itemToolBronzePickaxe",
        "IC2:itemToolDDrill",
        "IC2:itemToolDrill",
        "IC2:itemToolIridiumDrill",
        "actuallyadditions:diamond_paxel",
        "actuallyadditions:emerald_paxel",
        "actuallyadditions:gold_paxel",
        "actuallyadditions:iron_paxel",
        "actuallyadditions:item_drill",
        "actuallyadditions:item_paxel_crystal_black",
        "actuallyadditions:item_paxel_crystal_blue",
        "actuallyadditions:item_paxel_crystal_green",
        "actuallyadditions:item_paxel_crystal_light_blue",
        "actuallyadditions:item_paxel_crystal_red",
        "actuallyadditions:item_paxel_crystal_white",
        "actuallyadditions:item_pickaxe_crystal_black",
        "actuallyadditions:item_pickaxe_crystal_blue",
        "actuallyadditions:item_pickaxe_crystal_green",
        "actuallyadditions:item_pickaxe_crystal_light_blue",
        "actuallyadditions:item_pickaxe_crystal_red",
        "actuallyadditions:item_pickaxe_crystal_white",
        "actuallyadditions:item_pickaxe_emerald",
        "actuallyadditions:item_pickaxe_obsidian",
        "actuallyadditions:item_pickaxe_quartz",
        "actuallyadditions:obsidian_paxel",
        "actuallyadditions:quartz_paxel",
        "actuallyadditions:stone_paxel",
        "actuallyadditions:wooden_paxel",
        "appliedenergistics2:certus_quartz_pickaxe",
        "appliedenergistics2:item.ToolCertusQuartzPickaxe",
        "appliedenergistics2:item.ToolNetherQuartzPickaxe",
        "appliedenergistics2:nether_quartz_pickaxe",
        "astralsorcery:itemchargedcrystalpickaxe",
        "astralsorcery:itemcrystalpickaxe",
        "cyclicmagic:emerald_pickaxe",
        "cyclicmagic:sandstone_pickaxe",
        "draconicevolution:draconic_pick",
        "draconicevolution:wyvern_pick",
        "immersiveengineering:drill",
        "minecraft:diamond_pickaxe",
        "minecraft:golden_pickaxe",
        "minecraft:iron_pickaxe",
        "minecraft:stone_pickaxe",
        "minecraft:wooden_pickaxe",
        "mysticalagriculture:inferium_pickaxe",
        "mysticalagriculture:intermedium_pickaxe",
        "mysticalagriculture:prudentium_pickaxe",
        "mysticalagriculture:superium_pickaxe",
        "mysticalagriculture:supremium_pickaxe",
        "tconstruct:pickaxe",
        "thermalfoundation:tool.hammer_aluminum",
        "thermalfoundation:tool.hammer_bronze",
        "thermalfoundation:tool.hammer_constantan",
        "thermalfoundation:tool.hammer_copper",
        "thermalfoundation:tool.hammer_diamond",
        "thermalfoundation:tool.hammer_electrum",
        "thermalfoundation:tool.hammer_gold",
        "thermalfoundation:tool.hammer_invar",
        "thermalfoundation:tool.hammer_iron",
        "thermalfoundation:tool.hammer_lead",
        "thermalfoundation:tool.hammer_nickel",
        "thermalfoundation:tool.hammer_platinum",
        "thermalfoundation:tool.hammer_silver",
        "thermalfoundation:tool.hammer_steel",
        "thermalfoundation:tool.hammer_stone",
        "thermalfoundation:tool.hammer_tin",
        "thermalfoundation:tool.hammer_wood",
        "thermalfoundation:tool.pickaxe_aluminum",
        "thermalfoundation:tool.pickaxe_bronze",
        "thermalfoundation:tool.pickaxe_constantan",
        "thermalfoundation:tool.pickaxe_copper",
        "thermalfoundation:tool.pickaxe_electrum",
        "thermalfoundation:tool.pickaxe_invar",
        "thermalfoundation:tool.pickaxe_lead",
        "thermalfoundation:tool.pickaxe_nickel",
        "thermalfoundation:tool.pickaxe_platinum",
        "thermalfoundation:tool.pickaxe_silver",
        "thermalfoundation:tool.pickaxe_steel",
        "thermalfoundation:tool.pickaxe_tin"
      ],
      "blocklist": [
        "actuallyadditions:block_misc/3",
        "appliedenergistics2:charged_quartz_ore/0",
        "appliedenergistics2:quartz_ore/0",
        "astralsorcery:blockcustomore/1",
        "astralsorcery:blockcustomsandore/0",
        "betternether:cincinnasite_ore/0",
        "biomesoplenty:gem_ore/0",
        "biomesoplenty:gem_ore/1",
        "biomesoplenty:gem_ore/2",
        "biomesoplenty:gem_ore/3",
        "biomesoplenty:gem_ore/4",
        "biomesoplenty:gem_ore/5",
        "biomesoplenty:gem_ore/6",
        "biomesoplenty:gem_ore/7",
        "cyclicmagic:end_coal_ore/0",
        "cyclicmagic:end_diamond_ore/0",
        "cyclicmagic:end_emerald_ore/0",
        "cyclicmagic:end_gold_ore/0",
        "cyclicmagic:end_iron_ore/0",
        "cyclicmagic:end_lapis_ore/0",
        "cyclicmagic:end_redstone_ore/0",
        "cyclicmagic:nether_coal_ore/0",
        "cyclicmagic:nether_diamond_ore/0",
        "cyclicmagic:nether_emerald_ore/0",
        "cyclicmagic:nether_gold_ore/0",
        "cyclicmagic:nether_iron_ore/0",
        "cyclicmagic:nether_lapis_ore/0",
        "cyclicmagic:nether_redstone_ore/0",
        "densemetals:dense_adamantine_ore",
        "densemetals:dense_aluminum_ore",
        "densemetals:dense_antimony_ore",
        "densemetals:dense_beryllium_ore",
        "densemetals:dense_bismuth_ore",
        "densemetals:dense_boron_ore",
        "densemetals:dense_cadmium_ore",
        "densemetals:dense_chromium_ore",
        "densemetals:dense_coal_ore",
        "densemetals:dense_coldiron_ore",
        "densemetals:dense_copper_ore",
        "densemetals:dense_diamond_ore",
        "densemetals:dense_emerald_ore",
        "densemetals:dense_gold_ore",
        "densemetals:dense_iridium_ore",
        "densemetals:dense_iron_ore",
        "densemetals:dense_lapis_ore",
        "densemetals:dense_lead_ore",
        "densemetals:dense_magnesium_ore",
        "densemetals:dense_manganese_ore",
        "densemetals:dense_mercury_ore",
        "densemetals:dense_mithril_ore",
        "densemetals:dense_nether_aluminum_ore",
        "densemetals:dense_nether_coal_ore",
        "densemetals:dense_nether_copper_ore",
        "densemetals:dense_nether_diamond_ore",
        "densemetals:dense_nether_emerald_ore",
        "densemetals:dense_nether_gold_ore",
        "densemetals:dense_nether_iridium_ore",
        "densemetals:dense_nether_iron_ore",
        "densemetals:dense_nether_lapis_ore",
        "densemetals:dense_nether_lead_ore",
        "densemetals:dense_nether_mithril_ore",
        "densemetals:dense_nether_nickel_ore",
        "densemetals:dense_nether_platinum_ore",
        "densemetals:dense_nether_redstone_ore",
        "densemetals:dense_nether_silver_ore",
        "densemetals:dense_nether_tin_ore",
        "densemetals:dense_nickel_ore",
        "densemetals:dense_osmium_ore",
        "densemetals:dense_platinum_ore",
        "densemetals:dense_plutonium_ore",
        "densemetals:dense_quartz_ore",
        "densemetals:dense_redstone_ore",
        "densemetals:dense_rutile_ore",
        "densemetals:dense_silver_ore",
        "densemetals:dense_starsteel_ore",
        "densemetals:dense_tantalum_ore",
        "densemetals:dense_thorium_ore",
        "densemetals:dense_tin_ore",
        "densemetals:dense_tungsten_ore",
        "densemetals:dense_uranium_ore",
        "densemetals:dense_zinc_ore",
        "densemetals:dense_zirconium_ore",
        "draconicevolution:draconium_ore/0",
        "draconicevolution:draconium_ore/1",
        "draconicevolution:draconium_ore/2",
        "ic2:resource/1",
        "ic2:resource/2",
        "ic2:resource/3",
        "ic2:resource/4",
        "immersiveengineering:ore/0",
        "immersiveengineering:ore/1",
        "immersiveengineering:ore/2",
        "immersiveengineering:ore/3",
        "immersiveengineering:ore/4",
        "immersiveengineering:ore/5",
        "libvulpes:ore0/0",
        "libvulpes:ore0/4",
        "libvulpes:ore0/5",
        "libvulpes:ore0/8",
        "libvulpes:ore0/9",
        "libvulpes:ore0/10",
        "mekanism:oreblock/0",
        "mekanism:oreblock/1",
        "mekanism:oreblock/2",
        "minecraft:coal_ore",
        "minecraft:cobblestone_wall",
        "minecraft:diamond_ore",
        "minecraft:emerald_ore",
        "minecraft:glowstone",
        "minecraft:gold_ore",
        "minecraft:iron_ore",
        "minecraft:lapis_ore",
        "minecraft:lit_redstone_ore",
        "minecraft:mossy_cobblestone",
        "minecraft:nether_brick_fence",
        "minecraft:obsidian",
        "minecraft:quartz_ore",
        "minecraft:redstone_ore",
        "mysticalagriculture:end_inferium_ore/0",
        "mysticalagriculture:end_prosperity_ore/0",
        "mysticalagriculture:inferium_ore/0",
        "mysticalagriculture:nether_inferium_ore/0",
        "mysticalagriculture:nether_prosperity_ore/0",
        "mysticalagriculture:prosperity_ore/0",
        "nuclearcraft:ore/0",
        "nuclearcraft:ore/1",
        "nuclearcraft:ore/2",
        "nuclearcraft:ore/3",
        "nuclearcraft:ore/4",
        "nuclearcraft:ore/5",
        "nuclearcraft:ore/6",
        "nuclearcraft:ore/7",
        "rftools:dimensional_shard_ore",
        "rockhounding_chemistry:uninspected_mineral/0",
        "tconstruct:ore/0",
        "tconstruct:ore/1",
        "thermalfoundation:ore/0",
        "thermalfoundation:ore/1",
        "thermalfoundation:ore/2",
        "thermalfoundation:ore/3",
        "thermalfoundation:ore/4",
        "thermalfoundation:ore/5",
        "thermalfoundation:ore/6",
        "thermalfoundation:ore/7",
        "thermalfoundation:ore/8",
        "thermalfoundation:ore_fluid/0",
        "thermalfoundation:ore_fluid/1",
        "thermalfoundation:ore_fluid/2",
        "thermalfoundation:ore_fluid/3",
        "thermalfoundation:ore_fluid/4",
        "thermalfoundation:ore_fluid/5"
      ]
    },
    "shears": {
      "name": "Shears",
      "icon": "minecraft:shears",
      "toollist": [
        "BiomesOPlenty:scytheAmethyst",
        "BiomesOPlenty:scytheDiamond",
        "BiomesOPlenty:scytheGold",
        "BiomesOPlenty:scytheIron",
        "BiomesOPlenty:scytheMud",
        "BiomesOPlenty:scytheStone",
        "BiomesOPlenty:scytheWood",
        "IC2:itemToolBronzeHoe",
        "ceramics:clay_shears",
        "cyclicmagic:block_shears",
        "cyclicmagic:ender_wool",
        "minecraft:shears",
        "mysticalagriculture:inferium_shears",
        "mysticalagriculture:intermedium_shears",
        "mysticalagriculture:prudentium_shears",
        "mysticalagriculture:superium_shears",
        "mysticalagriculture:supremium_shears",
        "thermalfoundation:tool.shears_aluminum",
        "thermalfoundation:tool.shears_bronze",
        "thermalfoundation:tool.shears_constantan",
        "thermalfoundation:tool.shears_copper",
        "thermalfoundation:tool.shears_diamond",
        "thermalfoundation:tool.shears_electrum",
        "thermalfoundation:tool.shears_gold",
        "thermalfoundation:tool.shears_invar",
        "thermalfoundation:tool.shears_lead",
        "thermalfoundation:tool.shears_nickel",
        "thermalfoundation:tool.shears_platinum",
        "thermalfoundation:tool.shears_silver",
        "thermalfoundation:tool.shears_steel",
        "thermalfoundation:tool.shears_stone",
        "thermalfoundation:tool.shears_tin",
        "thermalfoundation:tool.shears_wood"
      ],
      "blocklist": [
        "advancedrocketry:alienleaves/0",
        "biomesoplenty:leaves_0/8",
        "biomesoplenty:leaves_0/9",
        "biomesoplenty:leaves_0/10",
        "biomesoplenty:leaves_0/11",
        "biomesoplenty:leaves_1/8",
        "biomesoplenty:leaves_1/9",
        "biomesoplenty:leaves_1/10",
        "biomesoplenty:leaves_1/11",
        "biomesoplenty:leaves_2/8",
        "biomesoplenty:leaves_2/9",
        "biomesoplenty:leaves_2/10",
        "biomesoplenty:leaves_2/11",
        "biomesoplenty:leaves_3/8",
        "biomesoplenty:leaves_3/9",
        "biomesoplenty:leaves_3/10",
        "biomesoplenty:leaves_3/11",
        "biomesoplenty:leaves_4/8",
        "biomesoplenty:leaves_4/9",
        "biomesoplenty:leaves_4/10",
        "biomesoplenty:leaves_4/11",
        "biomesoplenty:leaves_5/8",
        "biomesoplenty:leaves_5/9",
        "biomesoplenty:leaves_5/10",
        "biomesoplenty:leaves_5/11",
        "biomesoplenty:leaves_6/8",
        "biomesoplenty:leaves_6/9",
        "ic2:leaves",
        "minecraft:deadbush",
        "minecraft:leaves",
        "minecraft:leaves2",
        "minecraft:tallgrass",
        "minecraft:vine",
        "minecraft:web",
        "minecraft:wool",
        "quark:variant_leaves",
        "tconstruct:slime_leaves",
        "twilightforest:dark_leaves",
        "twilightforest:magic_leaves",
        "twilightforest:twilight_leaves",
        "twilightforest:twilight_leaves_3"
      ]
    },
    "shovel": {
      "name": "Shovel",
      "icon": "minecraft:diamond_shovel",
      "toollist": [
        "BiomesOPlenty:shovelAmethyst",
        "BiomesOPlenty:shovelMud",
        "IC2:itemToolBronzeSpade",
        "actuallyadditions:diamond_paxel",
        "actuallyadditions:emerald_paxel",
        "actuallyadditions:gold_paxel",
        "actuallyadditions:iron_paxel",
        "actuallyadditions:item_drill",
        "actuallyadditions:item_paxel_crystal_black",
        "actuallyadditions:item_paxel_crystal_blue",
        "actuallyadditions:item_paxel_crystal_green",
        "actuallyadditions:item_paxel_crystal_light_blue",
        "actuallyadditions:item_paxel_crystal_red",
        "actuallyadditions:item_paxel_crystal_white",
        "actuallyadditions:item_shovel_crystal_black",
        "actuallyadditions:item_shovel_crystal_blue",
        "actuallyadditions:item_shovel_crystal_green",
        "actuallyadditions:item_shovel_crystal_light_blue",
        "actuallyadditions:item_shovel_crystal_red",
        "actuallyadditions:item_shovel_crystal_white",
        "actuallyadditions:item_shovel_emerald",
        "actuallyadditions:item_shovel_obsidian",
        "actuallyadditions:item_shovel_quartz",
        "actuallyadditions:obsidian_paxel",
        "actuallyadditions:quartz_paxel",
        "actuallyadditions:stone_paxel",
        "actuallyadditions:wooden_paxel",
        "appliedenergistics2:item.ToolCertusQuartzSpade",
        "appliedenergistics2:item.ToolNetherQuartzSpade",
        "astralsorcery:itemchargedcrystalshovel",
        "astralsorcery:itemcrystalshovel",
        "draconicevolution:draconic_shovel",
        "draconicevolution:wyvern_shovel",
        "immersiveengineering:drill",
        "minecraft:diamond_shovel",
        "minecraft:golden_shovel",
        "minecraft:iron_shovel",
        "minecraft:stone_shovel",
        "minecraft:wooden_shovel",
        "mysticalagriculture:inferium_shovel",
        "mysticalagriculture:intermedium_shovel",
        "mysticalagriculture:prudentium_shovel",
        "mysticalagriculture:superium_shovel",
        "mysticalagriculture:supremium_shovel",
        "tconstruct:mattock",
        "tconstruct:shovel",
        "thermalfoundation:tool.shovel_aluminum",
        "thermalfoundation:tool.shovel_bronze",
        "thermalfoundation:tool.shovel_constantan",
        "thermalfoundation:tool.shovel_copper",
        "thermalfoundation:tool.shovel_electrum",
        "thermalfoundation:tool.shovel_invar",
        "thermalfoundation:tool.shovel_lead",
        "thermalfoundation:tool.shovel_nickel",
        "thermalfoundation:tool.shovel_platinum",
        "thermalfoundation:tool.shovel_silver",
        "thermalfoundation:tool.shovel_steel",
        "thermalfoundation:tool.shovel_tin"
      ],
      "blocklist": [
        "minecraft:clay",
        "minecraft:gravel"
      ]
    }
  }
}